comment,label
It s agood game,
"Very pathetic. It is sad to see Sony like this. When respect leaves, relationship follows!",
"Meh, ....I give that sphere advertisement 6/10.",
Du physique du physique,
No physical games 📀📀 No money! ❌❌,
"""play has no limits"". If you follow the straight line that it does have limits.",
"So gta gets vinyl but games can’t get a disc? 
no PlayStation 
You ain’t getting away with this 
F Sony!
💿💿💿💿💿💿",
No CDs  no DVDs  no BLU-RAYs no likes. no no no,
Remember what disc do don't remove them,
Bring back physical games !!!,
We want granny game on ps5,
"💿:
1) Can own
2) Can sell
3) Can give
4) Can exchange
5) Keep out of account

and what can digital only game @PlayStation @Sony ???

Thats why Digital only future for consoles are flop.

Only 👉💿👈",
"Para la próxima destinar parte del presupuesto en que el juego sea bueno, aunque imagino que los discos os salen tambien caros.",
Looks very physical,
"Если мне ничего не принадлежит , то тогда понюхайте моих газов",
Physical disc ? 😂,
Enjoying putting my physical disc into the console while I still can before I make the switch to PC next generation. It’s been fun. RIP PlayStation 🪦✌🏻,
"Hardly any cars around to see the crappy ad for the crappy game, I don’t even think 6/10 people saw it 😂",
How's the flop treating yas,
Well.... That's one way to blow money instead of using it to make physical games,
Where are my disks Rockstar and Playstation?,
Playstation going out sad,
"Physcal disks Matter! No disk, no Buy",
I never moved beyond the PS1.,
we want our discs,
the amount of money wasted is ridiculous,
So that’s where the budget went.,
"Hand forced to switch to Microsoft for Halloween. Fricken PlayStation NZ removing licenses for Halloween in NZ. 30 hours of gameplay down the drain. Pre ordered and paid for, Not banned in NZ. Available of all other platforms. Can no longer play it. Way to lose loyal fans PlayStation",
Disco 💿,
"""We deserve better than this""

They got your hand on the gun
They want you pull the trigger or run 
They think it's fun 
Their games have just begun
They think they've outdone
No, I'm just done
I think I speak for everyone
I hope I'm not the only one",
"They canceled Kojima so Fair Game Dollar Sign can live on. As stated in a Sony Email, digital purchase isn’t ownership. You are paying full price to rent a license that can be revoked at any time.",
I see PlayStation remove comments. So here again there budgets should go the continu making Physcial that’s a fk human right having options,
Wow... An ad for a flop.,
"Taking over something means you now own it
However it’s not ownership when it’s just a license 
Las Vegas sphere rentover",
"We dont pay watch interactive movie. We pay to play interactive gameplay experiences.
Gaming is so lost atm.",
R.I.P,
Que se dane traga meus discos de volta é mais barato que 400 milhões de dolares,
"Woa, the sphère is physique💿💿💿💿",
No DISC No Buy No Play No PS6 bye Sony 👋💿,
"1.9 million copies in 3 days... and people think it's a success? 
to break even they have to sell at least 6-7 million...PlayStation's goals were to sell 15 million copies 🤣🤣🤣🤣🤣🤣🤣",
Quem comprou a deluxe não ganhou nem o respeito 😢 da insomniac,
this advertisement is worth more than the game,
Mid,
We still want the discs,
Wokeverine 😂,
الغاء المتابعه,
SONY... CAN WE PLS MAKE THE CHAMPIONS OF NORATH BOTH REMAKES PLS...,
"Sony can afford millions on a physically spherical advert, but somehow cannot afford to keep Kojima. No disc, no buy.",
Sony :face-fuchsia-poop-shape::face-fuchsia-poop-shape::face-fuchsia-poop-shape::face-fuchsia-poop-shape::face-fuchsia-poop-shape::face-fuchsia-poop-shape::face-fuchsia-poop-shape::face-fuchsia-poop-shape::face-fuchsia-poop-shape::face-fuchsia-poop-shape::face-fuchsia-poop-shape::face-fuchsia-poop-shape::face-fuchsia-poop-shape::face-fuchsia-poop-shape::face-fuchsia-poop-shape::face-fuchsia-poop-shape::face-fuchsia-poop-shape::face-fuchsia-poop-shape::face-fuchsia-poop-shape::face-fuchsia-poop-shape::face-fuchsia-poop-shape::face-fuchsia-poop-shape::face-fuchsia-poop-shape::face-fuchsia-poop-shape:,
💽💽💽💽💽💽,
"PlayStation is gone. Grab your shovels, burial in 2028.",
Wolverine scammed me! Too much button mashing. Hand holding hints are a mood killer. The combat doesn't HAVE a lot of depth. This game NEEDS a lot of patches!,
JFC this is so cringe and tone deaf... You embarrass yourselves.,
💿💿💿💿💿💿💿 DISC,
"Shipping on discs right?

Could you maybe get a refund on this terrible ad and fund discs instead?",
"No disc? Well then… toodle-oo, catch ya later, arrivederci!",
"No disc, no buy 💿
Try to spend more time listening to your customers, and less money on things no one asked for Sony!",
Discs,
We want to own our games in physical format !,
"What about a budget to fix the bugs instead of this ??? 


Btw Save 📀💿📀💿📀💿📀💿📀💿📀💿📀💿📀💿📀💿📀",
"lol what a waste of money for playstation this wolverine venture has been, bet you are happy you canceled Kojima and invested in this instead. Not like now Kojima has extra drive to make the game a masterpiece so it sells a lot to show you guys how bad you messed up ... oh wait",
"No need the sphere, we need phisical disc 📀💿📀💿📀💿📀💿📀💿📀💿📀💿📀💿",
So cool 😎,
"Wow, the likes to dislike ratio is just amazing. Almost 1:3
Let me add one to the side which is weighing heavy, and add it DIGITALLY",
"This game plays itself lol.  Pass.  Also, Playstation, your recent decisions the last few years have been awful.  Thank you for destroying the once beloved brand.",
Son unos avaros compro un juego y ahora tengo que pagar extra para jugar con alguien más en equipo ojalá su empresa se valla a la quiebra por avaros..,
I bought the physical version of this game! Great job Insomniac! Shame on you Sony! 💿💿💿💿💿💿💿,
"Question.... will Playstation end it's self with forced diversity hand holding trash games before it ends itself with digital only dynamic pricing? 
At this rate it won't last to see dynamic pricing?",
Not only the physical format that this game still has could save it. Greed has no limits!!! 📀📀📀📀💿💿💿💿,
no disc no buy,
My heart will break if it comes digital.,
F SONY NO DISC NO BUY,
GREED HAS NO LIMITS!,
We want the discs,
I like this physical sphere not like your games !,
and that's why the game is a buggy mess,
"DISC happens on PS4, PS5 and PS6! 📀",
Нормально!) Надо брать игру),
"Instead of this keep printing discs.
NO TO PS6
NO DISC NO BUY
NO HIDEO NO BUY",
"Physical games, or no PS6",
Physical discs sony,
NO DISC NO BUY 💽💪,
Sony remembers to relese this after the game has already come out. 😂,
Save physical ownership 📀💿📀💿📀💿📀💿📀💿📀💿,
Kinda looks like a huge disc,
Looks like more time was spent in the Sphere than the actual game. NDNB,
"La sphère est ronde comme un cd 🤔🤔🤔.
VIVE LE PHYSIQUE COMPLET!!!",
6/10 people seen the ad…,
its round ... like a disc,
Soyverine,
Keep the Physical Format alive beyond 2028!,
"Physical media beyond 2028 
If it s not no Ps6 
📀📀📀📀📀📀📀📀📀📀📀📀",
Save physical media,
Greed awaits,
How do you expect anyone to find that without a scent trail?,
Cancel Physint but put up expensive ads like this...,
Sonys last gasp of relevancy unless they reverse course 📀 💿,
Sweet Baby inc trash. No thanks,
"Playstation, re-think ownership over the games we buy, and keep the physical media.",
